{"mean":{"confidence_interval":{"confidence_level":0.95,"lower_bound":938082882.0,"upper_bound":955104183.65},"point_estimate":946381929.0,"standard_error":4336325.785106626},"median":{"confidence_interval":{"confidence_level":0.95,"lower_bound":910570500.0,"upper_bound":975535950.0},"point_estimate":931591050.0,"standard_error":19226777.116379093},"median_abs_dev":{"confidence_interval":{"confidence_level":0.95,"lower_bound":18041388.42970133,"upper_bound":65919656.549692154},"point_estimate":49556793.68019104,"standard_error":15321453.16693581},"slope":null,"std_dev":{"confidence_interval":{"confidence_level":0.95,"lower_bound":40965336.23366306,"upper_bound":45164118.318396054},"point_estimate":43398529.916095585,"standard_error":1062835.9856291458}}