{"mean":{"confidence_interval":{"confidence_level":0.95,"lower_bound":-0.02410660215680661,"upper_bound":-0.004842342085114548},"point_estimate":-0.014451471538600602,"standard_error":0.004948322082627789},"median":{"confidence_interval":{"confidence_level":0.95,"lower_bound":-0.02082267597719989,"upper_bound":-0.01784676267499563},"point_estimate":-0.019069319563355558,"standard_error":0.0007582170425090633}}