{"mean":{"confidence_interval":{"confidence_level":0.95,"lower_bound":963551633.45,"upper_bound":1082863947.0},"point_estimate":1006064299.0,"standard_error":35617462.11161658},"median":{"confidence_interval":{"confidence_level":0.95,"lower_bound":951452100.0,"upper_bound":993117000.0},"point_estimate":980259700.0,"standard_error":11372737.982392732},"median_abs_dev":{"confidence_interval":{"confidence_level":0.95,"lower_bound":45710781.08847141,"upper_bound":74857862.60850726},"point_estimate":65736851.972937584,"standard_error":8272383.7176376255},"slope":null,"std_dev":{"confidence_interval":{"confidence_level":0.95,"lower_bound":45014175.74355736,"upper_bound":609914600.3725893},"point_estimate":357407392.93037295,"standard_error":201678286.0670569}}