{"mean":{"confidence_interval":{"confidence_level":0.95,"lower_bound":0.22918335738890627,"upper_bound":0.2578327498894253},"point_estimate":0.24376367057267867,"standard_error":0.007324680156102257},"median":{"confidence_interval":{"confidence_level":0.95,"lower_bound":0.22507656359678774,"upper_bound":0.2610846408263767},"point_estimate":0.2416799812719903,"standard_error":0.00828990813307702}}