{"mean":{"confidence_interval":{"confidence_level":0.95,"lower_bound":478180870.0,"upper_bound":485489055.0},"point_estimate":481733525.0,"standard_error":1861834.0288318896},"median":{"confidence_interval":{"confidence_level":0.95,"lower_bound":476412950.0,"upper_bound":484856400.0},"point_estimate":482138625.0,"standard_error":1972100.513046058},"median_abs_dev":{"confidence_interval":{"confidence_level":0.95,"lower_bound":658126.1283159256,"upper_bound":10502664.08354044},"point_estimate":5560231.746286154,"standard_error":2479613.264344663},"slope":null,"std_dev":{"confidence_interval":{"confidence_level":0.95,"lower_bound":3009825.117289486,"upper_bound":8289724.668910357},"point_estimate":6192060.650239951,"standard_error":1371069.8181803045}}