{"mean":{"confidence_interval":{"confidence_level":0.95,"lower_bound":-0.9997973915888132,"upper_bound":-0.9997946318403769},"point_estimate":-0.9997960187240073,"standard_error":7.247714385973603e-7},"median":{"confidence_interval":{"confidence_level":0.95,"lower_bound":-0.999798065793547,"upper_bound":-0.9997940424228868},"point_estimate":-0.9997960616497338,"standard_error":1.0603417699942962e-6}}